{"cameraMode":{"drawMode":0,"name":"Shaded","section":"Shading Mode"},"sceneLighting":true,"audioPlay":false,"sceneViewState":{"showFog":true,"showMaterialUpdate":false,"showSkybox":true,"showFlares":true,"showImageEffects":true,"showParticleSystems":true},"in2DMode":false,"pivot":{"x":2.5619306564331056,"y":1.5917654037475587,"z":42.19175338745117},"rotation":{"x":-0.037771038711071017,"y":-0.039863716810941699,"z":0.001504911808297038,"w":-0.9985020160675049},"size":30.49013900756836,"orthographic":false}